R2 Score,MAE,RMSE
0.9772908698402663,1.06269065958259,1.432140288977364
